method,hits@1_overall,hits@5_overall,hits@10_overall,mrr_overall,ndcg@10_overall,hits@1_I-III,hits@5_I-III,hits@10_I-III,mrr_I-III,ndcg@10_I-III,hits@1_IV-VI,hits@5_IV-VI,hits@10_IV-VI,mrr_IV-VI,ndcg@10_IV-VI
Random,0.006짹0.005,0.032짹0.023,0.068짹0.021,0.035짹0.010,0.030짹0.013,0.004짹0.008,0.036짹0.023,0.084짹0.023,0.036짹0.009,0.035짹0.012,0.009짹0.011,0.027짹0.026,0.050짹0.022,0.034짹0.015,0.025짹0.016
Popularity,0.017짹0.011,0.128짹0.022,0.215짹0.020,0.081짹0.010,0.099짹0.013,0.028짹0.020,0.160짹0.039,0.284짹0.034,0.106짹0.018,0.132짹0.024,0.005짹0.009,0.091짹0.037,0.136짹0.024,0.053짹0.015,0.062짹0.017
Co-occurrence,0.164짹0.019,0.460짹0.041,0.560짹0.014,0.293짹0.022,0.353짹0.020,0.172짹0.020,0.496짹0.034,0.600짹0.018,0.312짹0.014,0.376짹0.013,0.155짹0.026,0.418짹0.054,0.514짹0.018,0.272짹0.035,0.326짹0.031
JS-divergence,0.121짹0.018,0.334짹0.048,0.419짹0.019,0.217짹0.018,0.258짹0.018,0.160짹0.021,0.436짹0.061,0.568짹0.024,0.281짹0.018,0.343짹0.016,0.077짹0.018,0.218짹0.039,0.250짹0.024,0.144짹0.020,0.160짹0.022
Network-proximity,0.011짹0.007,0.106짹0.022,0.168짹0.020,0.070짹0.004,0.079짹0.007,0.004짹0.008,0.092짹0.034,0.136짹0.038,0.062짹0.008,0.063짹0.015,0.018짹0.009,0.123짹0.033,0.205짹0.047,0.080짹0.017,0.097짹0.023
DermaKG-IGR,0.006짹0.005,0.068짹0.013,0.138짹0.013,0.061짹0.003,0.061짹0.005,0.012짹0.010,0.068짹0.010,0.140짹0.012,0.070짹0.005,0.065짹0.004,0.000짹0.000,0.068짹0.024,0.136짹0.020,0.052짹0.007,0.057짹0.010
DermaKG-Posterior,0.202짹0.017,0.432짹0.027,0.570짹0.021,0.321짹0.011,0.364짹0.012,0.208짹0.016,0.436짹0.031,0.572짹0.020,0.325짹0.008,0.366짹0.008,0.195짹0.027,0.427짹0.065,0.568짹0.037,0.318짹0.027,0.361짹0.031
Co-occ+DermaKG,0.251짹0.011,0.564짹0.015,0.589짹0.021,0.375짹0.011,0.425짹0.013,0.248짹0.010,0.596짹0.023,0.644짹0.040,0.386짹0.010,0.447짹0.017,0.255짹0.017,0.527짹0.026,0.527짹0.026,0.363짹0.023,0.401짹0.024
TransE,0.038짹0.008,0.057짹0.019,0.074짹0.027,0.063짹0.011,0.053짹0.015,0.048짹0.010,0.060짹0.012,0.084짹0.015,0.072짹0.008,0.061짹0.008,0.027짹0.009,0.055짹0.030,0.064짹0.043,0.052짹0.016,0.044짹0.023
DistMult,0.034짹0.004,0.047짹0.008,0.064짹0.007,0.056짹0.005,0.047짹0.004,0.040짹0.000,0.048짹0.010,0.064짹0.008,0.060짹0.004,0.050짹0.005,0.027짹0.009,0.045짹0.014,0.064짹0.017,0.052짹0.008,0.044짹0.007
ComplEx,0.043짹0.009,0.057짹0.011,0.085짹0.020,0.067짹0.011,0.059짹0.013,0.052짹0.010,0.064짹0.019,0.092짹0.036,0.077짹0.015,0.068짹0.021,0.032짹0.011,0.050짹0.017,0.077짹0.018,0.055짹0.011,0.049짹0.012
RotatE,0.032짹0.000,0.060짹0.016,0.128짹0.009,0.068짹0.003,0.067짹0.003,0.040짹0.000,0.076짹0.023,0.156짹0.015,0.082짹0.005,0.083짹0.005,0.023짹0.000,0.041짹0.009,0.095짹0.009,0.051짹0.003,0.049짹0.003
